{
    "name": "spell_name",
    "roles": [
        "spell_name"
    ],
    "lookups": [
        "free-text",
        "keywords"
    ],
    "keywords": [
        {
            "keyword": "Cindio",
            "synonyms": [
                "cindio"
            ]
        },
        {
            "keyword": "In",
            "synonyms": [
                "in"
            ]
        },
        {
            "keyword": "In",
            "synonyms": [
                "in"
            ]
        },
        {
            "keyword": "In San Diego",
            "synonyms": [
                "in san diego"
            ]
        },
        {
            "keyword": "Sandio",
            "synonyms": [
                "sandio"
            ]
        },
        {
            "keyword": "call",
            "synonyms": [
                "call"
            ]
        },
        {
            "keyword": "incendio",
            "synonyms": [
                "in san diego",
                "incendio",
                "insandio",
                "insendio",
                "sandio"
            ]
        },
        {
            "keyword": "incendo",
            "synonyms": [
                "incendo"
            ]
        },
        {
            "keyword": "insendio",
            "synonyms": [
                "insendio"
            ]
        },
        {
            "keyword": "reducto",
            "synonyms": [
                "raedacto",
                "reducto",
                "ruducto"
            ]
        }
    ]
}
