{
    "name": "spell_name",
    "roles": [
        "spell_name"
    ],
    "lookups": [
        "keywords"
    ],
    "keywords": [
        {
            "keyword": "incendio",
            "synonyms": [
                "in cendio",
                "in san diego",
                "incendio",
                "insandio",
                "insendio",
                "sandio"
            ]
        },
        {
            "keyword": "reducto",
            "synonyms": [
                "product",
                "raedacto",
                "reducto",
                "ruducto"
            ]
        }
    ]
}
