{
    "name": "spell_name",
    "roles": [
        "spell_name"
    ],
    "lookups": [
        "keywords"
    ],
    "keywords": [
        {
            "keyword": "incendio",
            "synonyms": [
                "in cendio",
                "in san diego",
                "incendio",
                "insandio",
                "insendio",
                "sandio"
            ]
        },
        {
            "keyword": "lumos",
            "synonyms": [
                "luma",
                "lumas",
                "lumos",
                "lumous",
                "lumus"
            ]
        },
        {
            "keyword": "reducto",
            "synonyms": [
                "product",
                "raedacto",
                "reducto",
                "ruducto"
            ]
        },
        {
            "keyword": "wingardium Leviosa",
            "synonyms": [
                "bingardian liviosa",
                "bingardium la viosa",
                "bingardium liveosa",
                "laviosa",
                "leviosa",
                "pingardian leviosa",
                "wingardium Leviosa"
            ]
        }
    ]
}
