{
    "utterances": [
        {
            "text": "incendio",
            "entities": [
                {
                    "entity": "spell_name:spell_name",
                    "start": 0,
                    "end": 8,
                    "body": "incendio",
                    "entities": []
                }
            ],
            "traits": [],
            "intent": "cast_spell"
        },
        {
            "text": "reducto",
            "entities": [
                {
                    "entity": "spell_name:spell_name",
                    "start": 0,
                    "end": 7,
                    "body": "reducto",
                    "entities": []
                }
            ],
            "traits": [],
            "intent": "cast_spell"
        }
    ]
}
