{
    "utterances": [
        {
            "text": "In Cindio",
            "entities": [
                {
                    "entity": "spell_name:spell_name",
                    "start": 0,
                    "end": 2,
                    "body": "In",
                    "entities": []
                },
                {
                    "entity": "spell_name:spell_name",
                    "start": 3,
                    "end": 9,
                    "body": "Cindio",
                    "entities": []
                }
            ],
            "traits": [],
            "intent": "cast_spell"
        },
        {
            "text": "In San Diego",
            "entities": [
                {
                    "entity": "spell_name:spell_name",
                    "start": 0,
                    "end": 12,
                    "body": "In San Diego",
                    "entities": []
                }
            ],
            "traits": [],
            "intent": "cast_spell"
        },
        {
            "text": "In Sandi",
            "entities": [
                {
                    "entity": "spell_name:spell_name",
                    "start": 0,
                    "end": 8,
                    "body": "In Sandi",
                    "entities": []
                }
            ],
            "traits": [],
            "intent": "cast_spell"
        },
        {
            "text": "In Sandio",
            "entities": [
                {
                    "entity": "spell_name:spell_name",
                    "start": 0,
                    "end": 9,
                    "body": "In Sandio",
                    "entities": []
                }
            ],
            "traits": [],
            "intent": "cast_spell"
        },
        {
            "text": "call",
            "entities": [
                {
                    "entity": "spell_name:spell_name",
                    "start": 0,
                    "end": 4,
                    "body": "call",
                    "entities": []
                }
            ],
            "traits": [],
            "intent": "cast_spell"
        },
        {
            "text": "incendio",
            "entities": [
                {
                    "entity": "spell_name:spell_name",
                    "start": 0,
                    "end": 8,
                    "body": "incendio",
                    "entities": []
                }
            ],
            "traits": [],
            "intent": "cast_spell"
        },
        {
            "text": "incendo",
            "entities": [
                {
                    "entity": "spell_name:spell_name",
                    "start": 0,
                    "end": 7,
                    "body": "incendo",
                    "entities": []
                }
            ],
            "traits": [],
            "intent": "cast_spell"
        },
        {
            "text": "insendio",
            "entities": [
                {
                    "entity": "spell_name:spell_name",
                    "start": 0,
                    "end": 8,
                    "body": "insendio",
                    "entities": []
                }
            ],
            "traits": [],
            "intent": "cast_spell"
        },
        {
            "text": "reducto",
            "entities": [
                {
                    "entity": "spell_name:spell_name",
                    "start": 0,
                    "end": 7,
                    "body": "reducto",
                    "entities": []
                }
            ],
            "traits": [],
            "intent": "cast_spell"
        }
    ]
}
